Name of Place,Type,Location,Official Website,Wikipedia,Nearest Railway Station,Nearest Bus Stand,Nearest Metro Station,Nearest Airport,Timings,Entry Fee,Best Time to Visit,Accessibility,Guided Tours,Parking,Nearby Amenities,Special Notes
Silvassa (Dadra & Nagar Haveli) — Vasona Lion Safari Park,Wildlife Sanctuary / Safari Park / Adventure / Conservation,Silvassa,DNH Tourism pages mention it. simadnh.org+3dnh.gov.in+3Holidify+3,Part of Dadra and Nagar Haveli Wildlife Sanctuary — Wikipedia “Dadra and Nagar Haveli Wildlife Sanctuary”; Vasona Lion Safari mentioned under that. Wikipedia,Vapi Railway Station (~18 km from Silvassa). dnh.gov.in+2Holidify+2,Silvassa Bus Stand (in Silvassa) — local buses etc. TripXL+1,No metro available.,Mumbai (Chhatrapati Shivaji International) ~170-180 km; Surat Airport ~130-140 km. dnhddtourism.in+2adventure.tourism.gov.in+2,9:00 AM – 5:00 PM; closed on Mondays. silvassaonline.in+1,~ ₹25 per adult; child rate less (~₹10) for safari; further charges may apply. silvassaonline.in,October to March (pleasant weather). Monsoons might hamper safari paths. webindia123.com+1,Accessible by road from Silvassa (about 20 km along Khanvel Road); uses caged SUVs/mini-buses internally; walking inside safari limited; not wheelchair‐friendly inside safari due to terrain. silvassaonline.in+1,Safari drives are organized; local guides / forest department staff conduct them. Silvassa -+1,Parking available near entrance; modest fees or free depending on facility (Not documented fixed charge).,"Small shops, eateries in Silvassa; local transport; limited amenities inside safari area.",Part of larger wildlife sanctuary combining with Satmalia Deer Park; purpose includes conservation of Asiatic Lions and other animals. Wikipedia+1
Silvassa (Dadra & Nagar Haveli) — Satmalia Deer Park (Satmaliya Deer Sanctuary / Satmalia Deer Sanctuary),Wildlife Sanctuary / Nature / Bird / Picnic Spot,Silvassa,DNH UT tourism pages. dnh.gov.in+2dnhonline.in+2,Part of Dadra and Nagar Haveli Wildlife Sanctuary page. Wikipedia,Vapi (~18 km) dnh.gov.in+1,Silvassa — local bus stand in town. TripXL+1,No metro available.,"Mumbai (~170-180 km), Surat (~130-140 km) gujjutravelmania.com+1",Two slots daily — morning 7:00-11:00 AM & evening 3:00-6:00 PM; closed on Mondays. silvassaonline.in+2silvassaonline.in+2,₹25 per Indian national; ₹100 per foreign national; movie camera ticket extra (~₹100) when required. silvassaonline.in+2Yourvacationtrip.com+2,Post-monsoon (October-March) for clearer weather; also monsoon when greenery is lush. Yourvacationtrip.com+1,Park accessible by road; internal transport via gypsy/van; walking inside limited; vehicles inside via hour slots; not wheelchair friendly in wild zones. silvassaonline.in+1,GV vehicles / forest department vans / guides; limited capacity so early arrival helps.,Available at the entrance; modest fees or included in ticket (Not documented exact amount beyond entry).,Food stalls/refreshment at entry or nearby; basic restrooms; Silvassa town for full amenities.,Machan/watchtower by water hole gives good wildlife watching opportunities; east-west of Khanvel Road; known for deer species and birdlife.
"Silvassa (Dadra & Nagar Haveli) — Dudhni / Dudhni Lake / Aquaserene Tourist Complex, Dudhani",Lake / Water Sports / Recreational / Natural Scenic Beauty,Silvassa,DNH tourism / Silvassa tourism pages. dnh.gov.in+2dnhonline.in+2,No dedicated page for Dudhni Lake; mentions in tourism guides. Not documented dedicated WP page.,Vapi (~18 km) dnh.gov.in+1,Silvassa Bus Stand; local transport from Khanvel or Silvassa. silvassaonline.in+1,No metro available.,"Mumbai ~170-180 km, Surat ~130-140 km. gujjutravelmania.com+1",Daylight hours; boating/shikara rides available during the day. Not documented exact opening/closing times.,Not documented fixed for general entry; boat / water sport charges extra.,October to March (pleasant weather); monsoon for views though water levels change. silvassaonline.in+1,Road access; cottages for stay; water sports equipment available; terrain flat around lake.,"Local operators for boating, kayaking, etc.",Parking near the lake complex; likely nominal charges. Not documented exact figure.,"Cottages, restaurants, boat-rentals; nearby town Silvassa provides full amenities.",Called “Aquaserene”; scenic natural lake formed by dam reservoir; popular with city dwellers for weekend getaways.
"Silvassa (Dadra & Nagar Haveli) — Vanganga Lake Garden (Dadra Garden / Island Garden, Vanganga Lake)",Garden / Lake / Picnic Spot / Scenic Beauty / Recreational,Silvassa,Silvassa tourism pages / DNH UT pages. Silvassa -+1,Not documented; appear in travel & tourism guides. Not documented a dedicated WP page.,Vapi (~18 km) dnh.gov.in+1,Silvassa Bus Stand. silvassaonline.in,No metro available.,"Mumbai (~170-180 km), Surat (~130-140 km) gujjutravelmania.com+1",Typically open during daylight; gardens / lake area accessible early morning to evening. Not documented fixed hours.,Not documented standard fee; likely nominal or free for general entry; boat rides etc extra.,October-March; cooler weather; monsoon adds to greenery but some paths may be muddy.,"Well maintained walking paths, bridges, thatched huts; accessible by road; partly wheelchair friendly in garden areas.",Not formal; local guides / tour-operators may help; self-guided works well.,Parking near garden; modest charges or free depending on garden area. Not documented exact.,"Shops, small eateries, benches, resting spots; Silvassa town amenities.","Japanese style bridges; the “island garden” is accessed by bridges; popular for picnics, photography; local flora including medicinal plants."
Silvassa (Dadra & Nagar Haveli) — Hirwa Van Garden,Garden / Scenic Beauty / Natural & Picnic Spot,Silvassa,DNH tourism pages. dnh.gov.in+1,Not a dedicated page; mentioned in tourism guides. Not documented WP page.,Vapi (~18 km) dnh.gov.in+1,Silvassa Bus Stand; local connections from Khanvel / Silvassa. silvassaonline.in+1,No metro available.,Mumbai (~170-180 km); Surat (~130-140 km) gujjutravelmania.com,Garden open during daylight hours; no precise opening/closing times found. Not documented,~ ₹20 per person (Indian nationals) in some sources. silvassaonline.in+1,October-March; monsoon views good but pathways can be slippery.,Park paths well maintained; lawns; benches; moderate walking; relatively accessible near entrance.,Minimal; local caretakers / guides occasionally; mostly self-guided.,Parking available nearby; modest charges or free in many cases. Not documented exact value.,Silvassa city restaurants; shops; local refreshments; garden infrastructure.,"Named after tribal deity; small artificial waterfalls, twin arches, flower beds; popular for evening strolls and family outings."
"Silvassa (Dadra & Nagar Haveli) — Tribal Museum, Silvassa",Museum / Cultural / Heritage / Tribal Life Exhibition,Silvassa,DNH tourism pages. dnhonline.in+1,No dedicated WP page; part of travel writeups. Not documented WP page.,Vapi (~18 km) dnh.gov.in+1,Silvassa Bus Stand. silvassaonline.in,No metro available.,Mumbai / Surat (as above). adventure.tourism.gov.in,Generally 9:00 AM – 5:00 PM daily; may have closed days (Monday or holidays) — Not documented full schedule. silvassaonline.in+1,Likely free or minimal; Not documented exact fee.,Year-round; morning or afternoon when climate is moderate; cooler months (Oct-Mar) more comfortable.,Located in Silvassa town; easy road access; infrastructure present; largely accessible.,Museum staff / guides may explain; informational boards; local languages + Hindi/English.,Nearby city parking; charge minimal or free depending on proximity. Not documented rate.,"Shops, restaurants, city services; souvenir shops; local handicrafts.","Displays tribal (Dhodia, Kokna, Varli etc.) culture: masks, musical instruments, traditional jewelry, warli paintings, etc.; good for those interested in ethnography and local culture."
"Bindrabin / Silvassa (Dadra & Nagar Haveli) — Tapovan Tourist Complex, Bindrabin",Religious / Scenic / Natural Beauty / Recreation,Silvassa,DNH tourism pages. silvassaonline.in+1,No dedicated page; mentioned in travel guides. Not documented WP page.,Vapi (~18 km) dnh.gov.in,Silvassa Bus Stand; local roads to Bindrabin. silvassaonline.in+1,No metro available.,Mumbai / Surat (as above) gujjutravelmania.com,Daylight access; temple likely open in morning-evening. Not documented precise hours.,Not documented fixed fee; temple likely donation-based.,October-March; pleasant weather; avoid monsoon for road travel.,Some walking from parking; small elevation changes; rural setting; roads may be narrow in parts.,Local guides available for temple history; no formal tour in many guides.,Available near temple / tourist complex; any charge Not documented.,Very basic shops/restaurants around; better amenities in Silvassa.,"Temple site, scenic forested surroundings; “Tapovan” suggests forested area; used for spiritual retreats / calm nature"
"Madhuban Dam (Silvassa, Dadra & Nagar Haveli)",Dam / Picnic Spot / Eco-Tourism,Silvassa,Not documented,Not documented,Vapi (~20 km),Silvassa Bus Stand (~12 km),No metro available,Surat Airport (~125 km),8:00 AM – 6:00 PM,Free,"November – February (pleasant weather, birdwatching season)",Well-connected by road; motorable roads till dam site,Not regular; local guides may assist,Available (₹20 approx. for cars),"Food stalls, rest areas, boating services nearby","Surrounded by lush forests; great for photography, fishing & birdwatching."
"Bal Udyan Park (Silvassa, Dadra & Nagar Haveli)",Children’s Park / Family Picnic Spot,Silvassa,Not documented,Not documented,Vapi (~18 km),Silvassa Bus Stand (~2 km),No metro available,Surat Airport (~120 km),8:00 AM – 7:00 PM,₹10 per person,October – March,Easy access by road within Silvassa,Not applicable,Available (₹10 approx.),"Cafeteria, restrooms, benches, play equipment","Best for families with kids; offers toy train rides, mini zoo section, boating facility."
"Tribal Museum, Khanvel (Dadra & Nagar Haveli)",Cultural Museum,Khanvel,https://dnh.gov.in,Not documented,Vapi (~25 km),Khanvel Bus Stop (~1 km),No metro available,Surat Airport (~130 km),10:00 AM – 6:00 PM (Closed on Mondays),"₹20 (adults), ₹10 (children)",Year-round,Good road connectivity; wheelchair access available,Yes (local guides available in Hindi/English),Available (free),"Shops, restaurants, lodges nearby","Showcases tribal artifacts, hunting tools, musical instruments, jewelry & handicrafts."
"Satmaliya Deer Park (near Khanvel, Dadra & Nagar Haveli)",Wildlife Sanctuary / Eco-Tourism,Khanvel,Not documented,Not documented,Vapi (~28 km),Khanvel Bus Stop (~2 km),No metro available,Surat Airport (~130 km),8:00 AM – 5:00 PM,"₹30 per adult, ₹10 per child","November – March (cool weather, animal sightings)",Motorable road access; safari vehicle service available,Yes (wildlife guides available),Available (₹20 approx.),"Canteen, forest rest house, washrooms","Home to deer, peacocks, wild boars, and several bird species."
Bindrabin Temple (Dadra & Nagar Haveli),Religious / Hindu Temple,Dadra & Nagar Haveli,Not documented,Not documented,Vapi (~25 km),Silvassa Bus Stand (~10 km),No metro available,Surat Airport (~125 km),6:00 AM – 8:00 PM,Free,"Festivals (Janmashtami, Diwali)",Accessible via road; parking available,Not required; priests provide basic info,Free parking nearby,"Shops, food stalls, rest areas","Dedicated to Lord Shiva, surrounded by greenery and gardens; attracts pilgrims and tourists alike."
Kauncha Village (Dadra & Nagar Haveli),Tribal Village / Eco-Tourism / Adventure Spot,Dadra & Nagar Haveli,Not documented,Not documented,Vapi (~35 km),Khanvel Bus Stop (~10 km),No metro available,Surat Airport (~140 km),Open all day,Free (tribal stays/tours cost extra),"November – February (cool weather, festivals)",Road accessible; some inner trails need trekking,"Yes, homestay owners & local guides available",Limited free parking,"Tribal huts, homestays, forest rest houses","Known for tribal lifestyle experiences, bamboo handicrafts, and proximity to Madhuban Dam."
Tapovan Tourist Complex (Dadra & Nagar Haveli),Garden / Picnic Spot / Spiritual Retreat,Dadra & Nagar Haveli,Not documented,Not documented,Vapi (~25 km),Silvassa Bus Stand (~7 km),No metro available,Surat Airport (~120 km),8:00 AM – 7:00 PM,₹20 per person,October – March,Easily accessible by road,Not required,Available (₹20 approx.),"Food stalls, meditation areas, washrooms","Houses temples, meditation centers, landscaped gardens; attracts both tourists & devotees."
Dudhni Lake (Dadra & Nagar Haveli),Lake / Water Sports / Eco-Tourism,Dadra & Nagar Haveli,Not documented,Not documented,Vapi (~40 km),Silvassa Bus Stand (~25 km),No metro available,Surat Airport (~135 km),9:00 AM – 6:00 PM,Free (boating ₹100–₹300 depending on activity),"October – March (cool breeze, ideal for boating)",Good road connectivity; lake approachable by vehicles,"Yes, local boating & tribal village tours available",Paid parking (~₹30),"Resorts, cafes, boat clubs, restrooms","Known as “Kashmir of the West” for its scenic views; jet-skiing, kayaking & shikara rides available."
"Vanganga Lake Garden (Dadra, near Silvassa, DNH)",Garden / Lake / Picnic Spot,Dadra & Nagar Haveli,Not documented,https://en.wikipedia.org/wiki/Vanganga_Lake_Garden,Vapi (~10 km),Dadra Bus Stop (~1 km),No metro available,Surat Airport (~115 km),9:00 AM – 6:00 PM,₹20 per person,October – March,Easily accessible by road,Not applicable,Available (₹20 approx.),"Food kiosks, benches, pedal boats, restrooms",Famous for Bollywood movie shootings; boating & evening walks are popular.
"Vrindavan Temple (Silvassa, Dadra & Nagar Haveli)",Religious / Hindu Temple,Dadra & Nagar Haveli,Not documented,Not documented,Vapi (~20 km),Silvassa Bus Stand (~3 km),No metro available,Surat Airport (~120 km),6:00 AM – 8:00 PM,Free,"Festivals (Janmashtami, Holi)",Well-connected by road,Not required; priests available for religious guidance,Free parking available,"Shops, food stalls, hotels nearby",Beautifully designed temple complex dedicated to Lord Krishna; peaceful surroundings ideal for meditation.
