Name of Place,Type,Official Website,Wikipedia,Nearest Railway Station,Nearest Bus Stand,Nearest Airport,Timings,Entry Fee,Best Time to Visit,Accessibility,Guided Tours,Parking,Nearby Amenities,Special Notes,Official Website (if available),Wikipedia (if available),Nearest Metro Station
"Palolem Beach, South Goa",Beach / Tourist Attraction,Not documented,Palolem Beach - Wikipedia,Canacona Railway Station (approx. 3 km),Palolem Bus Stand (approx. 1 km),Dabolim Airport (approx. 67 km),Open 24/7,Free,November–March (pleasant weather),Wheelchair-friendly; sandy paths,Not documented,Limited parking available; charges Not documented,"Beach shacks, restaurants, restrooms",Known for its crescent-shaped shoreline and calm waters; popular for kayaking and dolphin watching.,,,
"Baga Beach, North Goa",Beach / Tourist Attraction,Not documented,Baga Beach - Wikipedia,Thivim Railway Station (approx. 20 km),Baga Bus Stop (approx. 0.5 km),Dabolim Airport (approx. 40 km),Open 24/7,Free,November–March (pleasant weather),Wheelchair-friendly; sandy paths,Not documented,Limited parking available; charges Not documented,"Beach shacks, water sports, restaurants, restrooms",Famous for its vibrant nightlife and water sports activities.,,,
"Anjuna Beach, North Goa",Beach / Tourist Attraction,Not documented,Anjuna Beach - Wikipedia,Thivim Railway Station (approx. 18 km),Anjuna Bus Stop (approx. 1 km),Dabolim Airport (approx. 45 km),Open 24/7,Free,November–March (pleasant weather),Wheelchair-friendly; sandy paths,Not documented,Limited parking available; charges Not documented,"Beach shacks, flea market (Wednesdays), restaurants, restrooms",Known for its vibrant flea market and trance parties.,,,
"Fort Aguada, North Goa",Historical Fort / Tourist Attraction,Not documented,Fort Aguada - Wikipedia,Thivim Railway Station (approx. 20 km),Candolim Bus Stop (approx. 1 km),Dabolim Airport (approx. 35 km),9:30 AM – 6:00 PM (daily),Free,November–March (pleasant weather),Wheelchair-friendly; paved pathways,Available,Ample parking available; charges Not documented,"Cafes, restaurants, restrooms",17th-century Portuguese fort offering panoramic views of the Arabian Sea.,,,
"Chapora Fort, North Goa",Historical Fort / Tourist Attraction,Not documented,Chapora Fort - Wikipedia,Thivim Railway Station (approx. 20 km),Chapora Bus Stop (approx. 1 km),Dabolim Airport (approx. 45 km),Open 24/7,Free,November–March (pleasant weather),Moderate; some steep climbs,Not documented,Limited parking available; charges Not documented,"Cafes, restaurants, restrooms",Famous for its scenic views and as a filming location for the movie 'Dil Chahta Hai.',,,
"Reis Magos Fort, North Goa",Historical Fort / Tourist Attraction,Not documented,Reis Magos Fort - Wikipedia,Thivim Railway Station (approx. 25 km),Reis Magos Bus Stop (approx. 1 km),Dabolim Airport (approx. 30 km),9:30 AM – 5:30 PM (daily),"₹50 (Indian visitors), ₹100 (foreign visitors)",November–March (pleasant weather),Wheelchair-friendly; paved pathways,Available,Limited parking available; charges Not documented,"Cafes, restaurants, restrooms",Restored fort offering historical exhibits and panoramic views of the Mandovi River.,,,
"Basilica of Bom Jesus, Old Goa",UNESCO World Heritage Site / Church,Not documented,Basilica of Bom Jesus - Wikipedia,Karmali Railway Station (approx. 10 km),Old Goa Bus Stop (approx. 1 km),Dabolim Airport (approx. 30 km),9:00 AM – 6:30 PM (daily),Free,November–March (pleasant weather),Wheelchair-friendly; paved pathways,Available,Limited parking available; charges Not documented,"Cafes, restaurants, restrooms",Houses the mortal remains of St. Francis Xavier; significant example of baroque architecture.,,,
"Se Cathedral, Old Goa",Church / Religious Site,Not documented,Se Cathedral - Wikipedia,Karmali Railway Station (approx. 10 km),Old Goa Bus Stop (approx. 1 km),Dabolim Airport (approx. 30 km),7:00 AM – 6:30 PM (daily),Free,November–March (pleasant weather),Wheelchair-friendly; paved pathways,Available,Limited parking available; charges Not documented,"Cafes, restaurants, restrooms",Known for its Portuguese-Manueline style architecture and the Golden Bell.,,,
"Church of Our Lady of the Immaculate Conception, Panaji",Church / Religious Site,Not documented,Church of Our Lady of the Immaculate Conception - Wikipedia,Karmali Railway Station (approx. 10 km),Panaji Bus Stand (approx. 1 km),Dabolim Airport (approx. 30 km),7:00 AM – 6:30 PM (daily),Free,November–March (pleasant weather),Wheelchair-friendly; paved pathways,Available,Limited parking available; charges Not documented,"Cafes, restaurants, restrooms",Known for its whitewashed façade and panoramic views of Panaji.,,,
"Birla Radha Krishna Mandir, Sancoale",Hindu Temple,Birla Radha Krishna Mandir,Birla Radha Krishna Mandir - Wikipedia,Dabolim Railway Station (approx. 5 km),Sancoale Bus Stop (approx. 1 km),Dabolim Airport (approx. 5 km),"6:00 AM – 12:00 PM, 4:00 PM – 8:00 PM (daily)",Free,November–March (pleasant weather),Wheelchair-friendly; paved pathways,Not documented,Ample parking available; charges Not documented,"Cafes, restaurants, restrooms",Newly constructed temple inaugurated in 2023; built in Nagara style with five shikharas.,,,
"Mapusa Municipal Market, Mapusa (North Goa, India)",Market / Cultural Site,,,Thivim Railway Station (approx. 10 km),Mapusa Bus Stand (approx. 0.5 km),Dabolim Airport (approx. 35 km),7:00 AM – 7:00 PM (daily); busiest on Fridays for the weekly market,Free,November–March (pleasant weather; ideal for shopping),Wheelchair-accessible; narrow lanes may be crowded on peak days,Not documented; local vendors can assist with directions and information,Limited roadside parking; charges Not documented,"Cafes, restaurants, small eateries, shops, ATMs, restrooms","Famous for fresh local produce, spices, handicrafts, souvenirs, and clothing; Friday market is the largest weekly market attracting locals and tourists alike",Not documented,Mapusa Municipal Market - Wikipedia,No metro available
"Colva Beach, South Goa",Beach / Tourist Attraction,Not documented,Colva Beach - Wikipedia,Margao Railway Station (approx. 8 km),Colva Bus Stop (approx. 0.5 km),Dabolim Airport (approx. 40 km),Open 24/7,Free,November–March (pleasant weather for sunbathing and water sports),Wheelchair-friendly; sandy paths,Not documented,Limited parking available; charges Not documented,"Beach shacks, restaurants, cafes, restrooms","Famous for long stretches of white sand, calm waters, and evening beach markets",,,No metro available
"Dudhsagar Waterfalls, Mollem (South Goa)",Waterfall / Eco-Tourism / Natural Spot,Not documented,Dudhsagar Waterfalls - Wikipedia,Castle Rock Railway Station (approx. 12 km),Mollem Bus Stand (approx. 10 km),Dabolim Airport (approx. 70 km),6:00 AM – 6:00 PM (daily),₹50 per person (entrance to forest area),October–May (waterfall flow and scenic beauty at its peak),Moderate; trekking required to reach main viewpoint; not wheelchair-friendly,Local guides available for trekking and forest walk,Limited parking available at base; charges Not documented,"Small food stalls, restrooms, picnic areas",One of India’s tallest waterfalls (320 m); located inside Bhagwan Mahaveer Wildlife Sanctuary; popular for photography and nature lovers,,,No metro available
"Cabo de Rama Fort, South Goa",Historical Fort / Tourist Attraction,Not documented,Cabo de Rama - Wikipedia,Canacona Railway Station (approx. 20 km),Cabo de Rama Bus Stop (approx. 1 km),Dabolim Airport (approx. 85 km),Sunrise to Sunset (daily),Free,November–March (pleasant weather for exploring and photography),Moderate; hill climb required; not fully wheelchair-accessible,Local guides available on request,Limited roadside parking; charges Not documented,"Small cafes, restaurants, restrooms","Historical Portuguese fort with panoramic views of the Arabian Sea; less crowded, ideal for history enthusiasts",,,No metro available
"Aguada Lighthouse, North Goa",Historical Lighthouse / Tourist Attraction,Not documented,Aguada Lighthouse - Wikipedia,Thivim Railway Station (approx. 20 km),Candolim Bus Stop (approx. 1 km),Dabolim Airport (approx. 35 km),9:30 AM – 5:00 PM (daily),Free,November–March (pleasant weather; best for photography),Wheelchair-friendly; paved pathways,Not documented,Ample parking available; charges Not documented,"Cafes, restaurants, souvenir shops, restrooms",Part of Fort Aguada complex; offers panoramic views of the Arabian Sea; ideal for photography,,,No metro available
"Arvalem Caves, Sanquelim (North Goa)",Historical / Religious / Natural Cave,Not documented,Arvalem Caves - Wikipedia,Karmali Railway Station (approx. 45 km),Sanquelim Bus Stop (approx. 1 km),Dabolim Airport (approx. 60 km),7:00 AM – 6:00 PM (daily),Free,October–March (pleasant weather; ideal for exploration),Moderate; rocky terrain; not wheelchair-friendly,Not documented,Limited parking available; charges Not documented,"Small shops, eateries, restrooms",Rock-cut caves dating back to the 6th century; adjacent Arvalem Waterfall adds scenic value,,,No metro available
"Vagator Beach, North Goa",Beach / Tourist Attraction,Not documented,Vagator Beach - Wikipedia,Thivim Railway Station (approx. 20 km),Vagator Bus Stop (approx. 1 km),Dabolim Airport (approx. 45 km),Open 24/7,Free,November–March (pleasant weather; ideal for beach activities),Partially accessible; rocky areas may be challenging,Not documented,Limited parking available; charges Not documented,"Beach shacks, restaurants, cafes, restrooms","Known for its dramatic cliffs, scenic sunset views, and nearby nightlife",,,No metro available
"Candolim Beach, North Goa",Beach / Tourist Attraction,Not documented,Candolim Beach - Wikipedia,Thivim Railway Station (approx. 22 km),Candolim Bus Stop (approx. 0.5 km),Dabolim Airport (approx. 40 km),Open 24/7,Free,November–March (pleasant weather; ideal for swimming and water sports),Wheelchair-friendly; sandy and well-maintained paths,Not documented,Limited parking available; charges Not documented,"Beach shacks, restaurants, restrooms, cafes","Popular for water sports, vibrant beach nightlife, and sunset views",,,No metro available
"Morjim Beach, North Goa",Beach / Eco-Tourism / Tourist Attraction,Not documented,Morjim Beach - Wikipedia,Thivim Railway Station (approx. 22 km),Morjim Bus Stop (approx. 0.5 km),Dabolim Airport (approx. 45 km),Open 24/7,Free,November–March (pleasant weather; nesting season of Olive Ridley turtles in Nov–Feb),Partially accessible; sandy paths,Not documented; eco-tours available for turtle watching,Limited parking available; charges Not documented,"Restaurants, cafes, restrooms",Known as a quiet beach with Olive Ridley turtle nesting; ideal for nature lovers and eco-tourism,,,No metro available
"Chapora Fort, North Goa",Historical Fort / Tourist Attraction,Not documented,Chapora Fort - Wikipedia,Thivim Railway Station (approx. 20 km),Chapora Bus Stop (approx. 1 km),Dabolim Airport (approx. 45 km),Sunrise to Sunset,Free,November–March (pleasant weather; ideal for trekking and photography),Moderate; steep climb to fort; not wheelchair-friendly,Local guides available on request,Limited parking nearby; charges Not documented,"Small cafes, restaurants, restrooms",Offers panoramic views of Vagator and Morjim Beaches; filming location for Bollywood movies,,,No metro available
"Reis Magos Fort, North Goa",Historical Fort / Tourist Attraction,Not documented,Reis Magos Fort - Wikipedia,Thivim Railway Station (approx. 25 km),Reis Magos Bus Stop (approx. 1 km),Dabolim Airport (approx. 30 km),9:30 AM – 5:30 PM,"₹50 (Indian visitors), ₹100 (foreign visitors)",November–March (pleasant weather; ideal for sightseeing),Wheelchair-friendly; paved pathways,Available,Limited parking; charges Not documented,"Cafes, restaurants, restrooms",Restored Portuguese fort overlooking the Mandovi River; hosts cultural events,,,No metro available
"Benaulim Beach, South Goa",Beach / Tourist Attraction,Not documented,Benaulim Beach - Wikipedia,Margao Railway Station (approx. 12 km),Benaulim Bus Stop (approx. 0.5 km),Dabolim Airport (approx. 35 km),Open 24/7,Free,November–March (pleasant weather; ideal for swimming and relaxing),Wheelchair-friendly; sandy pathways,Not documented,Limited parking available; charges Not documented,"Beach shacks, restaurants, cafes, restrooms",Popular for its quiet and serene environment; ideal for families and couples,,,No metro available
"Anjuna Flea Market, North Goa",Market / Cultural Attraction,Not documented,Anjuna Flea Market - Wikipedia,Thivim Railway Station (approx. 18 km),Anjuna Bus Stop (approx. 1 km),Dabolim Airport (approx. 45 km),"Every Wednesday, 9:00 AM – 7:00 PM",Free,November–March (pleasant weather; ideal for shopping),Wheelchair-friendly; crowded on market days,Not documented,Limited roadside parking; charges Not documented,"Cafes, restaurants, handicraft shops, restrooms","Famous for handicrafts, jewelry, clothes, souvenirs, and vibrant atmosphere",,,No metro available
"Salim Ali Bird Sanctuary, Chorao Island (North Goa)",Wildlife Sanctuary / Eco-Tourism,Not documented,Salim Ali Bird Sanctuary - Wikipedia,Thivim Railway Station (approx. 35 km),Ribander Bus Stop (approx. 2 km),Dabolim Airport (approx. 35 km),6:00 AM – 6:00 PM (daily),Free,November–February (best for migratory birds and bird watching),Moderate; boardwalk paths; not fully wheelchair-friendly,Local guides available for bird watching,Limited parking near entrance; charges Not documented,"Cafes, restrooms",One of Goa’s prime bird sanctuaries; home to a wide variety of migratory and local birds,,,No metro available
"Butterfly Conservatory of Goa, Ponda (South Goa)",Eco-Tourism / Natural Attraction,Butterfly Conservatory Goa,Not documented,Margao Railway Station (approx. 30 km),Ponda Bus Stand (approx. 5 km),Dabolim Airport (approx. 35 km),9:00 AM – 5:00 PM (daily),₹200 per person,October–March (best for butterfly spotting),Wheelchair-friendly; paved walkways,Available; English/Hindi language support,Ample parking available; charges Not documented,"Cafes, restrooms, souvenir shop",Features over 50 species of butterflies; eco-friendly park; educational for children and nature enthusiasts,,,No metro available
