Name of Place,Location,Type,Official Website,Wikipedia,Nearest Railway Station,Distance (Railway),Nearest Bus Stand,Distance (Bus Stand),Nearest Metro Station,Nearest Airport,Distance (Airport),Timings,Entry Fee,Best Time to Visit,Accessibility,Guided Tours,Parking,Nearby Amenities,Special Notes
Brahma Sarovar,Kurukshetra (Haryana),Sacred Tank / Pilgrimage Site,https://haryanatourism.gov.in/places_of_interest/brahma-sarovar/,https://en.wikipedia.org/wiki/Brahma_Sarovar,Kurukshetra Junction,approx. 2–4 km,Kurukshetra Bus Stand,approx. 2–4 km,No metro available,Chandigarh International Airport (IXC),approx. 70–90 km,Generally open to public daytimes,Free,October–March,Generally wheelchair accessible near main ghats,Local guides available,Public parking nearby,"Small eateries, pilgrimage lodges, shops",One of the most sacred sarovars in Hindu tradition
Jyotisar,Kurukshetra (Haryana),Historic / Religious (Bhagavad Gita site),Kurukshetra district tourism pages,https://en.wikipedia.org/wiki/Jyotisar,Kurukshetra Junction,approx. 6–8 km,Kurukshetra Bus Stand,approx. 6–8 km,No metro available,Chandigarh International Airport (IXC),approx. 75–95 km,Generally open during daylight hours,Not documented,Oct–Mar,Paths and steps in temple areas — partial wheelchair access,Local guides available,Limited parking at site,"Small stalls, tour operators in Kurukshetra town",Site associated with Krishna’s recitation of the Bhagavad Gita to Arjuna
Kurukshetra Panorama & Science Centre,Kurukshetra (Haryana),Museum / Science & Cultural Centre,Kurukshetra district tourism pages,Not a dedicated Wikipedia page for the centre,Kurukshetra Junction,approx. few km,Kurukshetra Bus Stand,approx. few km,No metro available,Chandigarh International Airport (IXC),approx. 70–90 km,Not documented,Not documented,Oct–Mar,Road-accessible from Kurukshetra town; on-site ramps likely,School & group tours common; local guides available on request,On-site/nearby parking usually available,Cafeteria/shops nearby in Kurukshetra city,Houses panoramic displays and exhibits on Mahabharata and local heritage
Pinjore Gardens (Yadavindra Gardens),Pinjore / Panchkula (Haryana),Mughal-style Garden / Heritage Garden,Not a standalone official site,https://en.wikipedia.org/wiki/Pinjore_Garden,Kalka Railway Station,approx. 7–10 km,Pinjore Bus Stand,"close by, within 1–3 km",No metro available,Chandigarh Airport (IXC),approx. 30–40 km,Generally ~07:00–21:00,Small nominal fee (approx. ₹20–₹25),Oct–March,Well-laid paved paths and terraces; some steps between terraces,Local guides available,Good parking near garden,"Cafes, restaurants, small hotels/resorts",17th-century historic Mughal-style terraced garden
Morni Hills,Panchkula (Haryana),Hill Station / Nature / Trekking spot,Not a central official site,https://en.wikipedia.org/wiki/Morni_Hills,Chandigarh Railway Station,approx. 35–40 km,Panchkula / Morni bus stops,distances vary,No metro available,Chandigarh International Airport (IXC),approx. 35–40 km,Open all day (natural area),Not documented,Oct–Feb,Hilly roads; limited wheelchair access in viewpoints,Local guides and trekking guides available,Small parking lots at major viewpoints,"Resorts, guesthouses, roadside dhabas",Nearest hill-station-like retreat to Chandigarh
Sultanpur National Park / Bird Sanctuary,Gurgaon (Gurugram) (Haryana),Bird Sanctuary / Wildlife Sanctuary,Not a dedicated official site,https://en.wikipedia.org/wiki/Sultanpur_National_Park,Gurgaon Railway Station,approx. 15–20 km,Gurgaon bus depots,distance ~15 km,No direct metro,"Indira Gandhi International Airport, Delhi",approx. 35–45 km,Commonly reported ~06:30–18:00,Nominal,November–February,Approachable by good roads; trails and boardwalks inside; limited wheelchair accessibility,Local naturalist/guides available,On-site parking available,Small eateries near entrance; hotels in Gurgaon,Important wintering ground for migratory birds
Surajkund,Faridabad (Haryana),Lake / Crafts Mela (annual fair) / Cultural destination,https://surajkundmela.co.in/,https://en.wikipedia.org/wiki/Surajkund,Faridabad Railway Station,approx. 6–10 km,Faridabad bus stands,special festival buses during mela,No permanent metro at site,"Indira Gandhi International Airport, Delhi",approx. 25–45 km,For the craft mela: typically ~10:30 AM–8:30 PM,Mela ticketed (prices vary),February (during the Surajkund International Crafts Mela),Good road connectivity; on-site ramps/assistance usually during mela,Special tours and curated cultural programs during mela,Large temporary parking during mela,"Ample stalls, food courts during mela, hotels in Faridabad/Delhi",Internationally renowned crafts fair
Rakhigarhi Archaeological Site & Museum,Hisar district (Haryana),Archaeological Site / Indus Valley Civilization Museum,Rakhigarhi museum pages / Hisar district references,https://en.wikipedia.org/wiki/Rakhigarhi_Indus_Valley_Civilisation_Museum,Hisar Junction,approx. 30–60 km,Local village/Hisar bus stands,distances vary,No metro available,Hisar Airport,approx. 60 km or IGI Delhi 150-170 km,Site open during daylight,Not documented,Oct–Mar,Rural roads to the site; minimal facilities; rough terrain,Archaeological site tours and guided visits arranged during events,Site parking available,Very limited in village — better facilities in Hisar/Jind,One of the largest Indus Valley Civilization urban settlements
Panipat Museum & Battle Memorials,Panipat (Haryana),Museum / Historical battle sites,Panipat tourism/museum info pages,https://en.wikipedia.org/wiki/Panipat,Panipat Junction,approx. 2–5 km,Panipat Bus Stand (city),city,No metro available,"Indira Gandhi International Airport, Delhi",approx. 90–110 km,Museum timings: Not documented,Not documented,Oct–Mar,Well-connected by NH44; city-level facilities,Local guides and history tours available,City parking near museums,"Hotels, eateries, shops in Panipat city",Panipat’s three historic battle sites are of major national historical importance
Tilyar Lake & Mini Zoo,Rohtak (Haryana),Lake / Picnic Spot / Mini Zoo,Rohtak district tourism pages,Not a dedicated Wikipedia page,Rohtak Junction,approx. 3–8 km,Rohtak Bus Stand,approx. 4–6 km,No metro available,"Indira Gandhi International Airport, Delhi",approx. 60–80 km,Park & zoo commonly open during daytime,Not documented,Oct–Mar,Good city-road access; pathways around lake,Not typically,On-site parking available,"Snack stalls, playgrounds, seating",Popular family picnic spot
Bhindawas Wildlife Sanctuary,Bhindawas (Jhajjar district) (Haryana),Bird Sanctuary / Wetland,Jhajjar district pages,https://en.wikipedia.org/wiki/Bhindawas_Wildlife_Sanctuary,Jhajjar Railway Station,approx. 8–18 km,Jhajjar Bus Stand,approx. similar distances,No metro available,"Indira Gandhi International Airport, Delhi",approx. 50–60 km,Sanctuary typically accessible during daylight,Not documented,Nov–Feb,Good road access from Jhajjar; limited wheelchair access in rougher areas,Local birding guides and groups operate guided walks,Basic parking near entry,Basic eateries/shops in Jhajjar,Important wetland for migratory birds in Haryana
"Farrukhnagar — Sheesh Mahal, Baoli & Heritage Sites",Farrukhnagar (Gurugram district) (Haryana),Heritage Town / Mughal-Era Monuments,Farrukhnagar info via district/government sites,https://en.wikipedia.org/wiki/Farrukhnagar,Farrukhnagar Railway Station (FN),local branch line,Farrukhnagar / Gurgaon bus services,~20–25 km from Gurgaon center,No metro at Farrukhnagar,"Indira Gandhi International Airport, Delhi",approx. 35–50 km,Heritage sites typical daylight visiting hours,Not documented,Oct–Mar,Heritage structures may have steps/uneven surfaces — limited wheelchair access,Heritage walks organized by INTACH / local agencies occasionally,Street parking and small lots near monuments,"Local bazaar, eateries; proximity to Gurgaon gives wide hotel/restaurant options",Historic salt-trade town with Mughal-era monuments
Mata Mansa Devi Temple,Panchkula (Haryana),Religious Temple / Shakti Temple,https://haryanatourism.gov.in/places_of_interest/mata-mansa-devi-temple/,"https://en.wikipedia.org/wiki/Mata_Mansa_Devi_Temple,_Panchkula",Chandigarh Railway Station,approx. 8 km,Panchkula Bus Stand,approx. 5 km,No metro available,Chandigarh International Airport (IXC),approx. 31 km,Summer: ~4:00 AM to 10:00 PM; Winter: ~5:00 AM to 9:00 PM,Free,Chaitra and Ashwin months (for the Navratri melas),Good road access; large sprawling temple complex; partial wheelchair access near main entrance,Local temple/priest-led explanations,Ample parking around the temple complex,"Bhandara (free meal halls), guest houses/yatri niwas, shops",Very important Shakti shrine; huge numbers of devotees during Navratri
Rewari Railway Heritage Museum,Rewari (Haryana),Museum / Heritage Railway Attraction,rewaristeamloco.com,https://en.wikipedia.org/wiki/Rewari_Railway_Heritage_Museum,Rewari Junction,approx. 0.5 km,Rewari Bus Stand,approx. few kilometres,No metro available,"Indira Gandhi International Airport, Delhi",approx. 80–95 km,Open Tue–Sun: ~9:00 AM to 4:00 PM,Not documented,October–April,Good road connectivity; limited wheelchair access in engine sheds,Museum has guides/educational materials,On-site / adjacent parking available,"Cafeteria, souvenir shop; local restaurants in Rewari town",Only surviving steam locomotive shed in India; houses the Fairy Queen engine
Nahar Singh Mahal,"Ballabhgarh, Faridabad (Haryana)",Heritage Palace / Museum,http://haryanatourism.gov.in/frmcustomerseeavailabilty.aspx,Not a dedicated detailed Wikipedia page,Ballabhgarh railway station,approx. few km,Ballabhgarh bus stops,distances not documented,No metro directly,"Indira Gandhi International Airport, Delhi",approx. 20–40 km,9:00 AM – 11:00 PM daily,Not documented,October–March,The palace has been restored; interiors accessible; some parts may have stairs,Not clearly documented; some heritage walks organized,Local parking available,"Restaurants, hotels in Faridabad, shops",Hosts the Kartik Cultural Festival every November; beautiful architecture
Madhogarh Fort,"Madhogarh village, Mahendragarh district (Haryana)",Fort / Heritage / Hill Fort,Not documented,https://en.wikipedia.org/wiki/Madhogarh_Fort%2C_Haryana,Mahendragarh region stations,exact nearest railway station: Not documented,Mahendragarh town bus services,distance Not documented,No metro available,IGI Delhi,~150–200 km,Open daylight hours,Not documented,Oct–March,Fort sits on top of a hill; road up to a point; then foot-track; stairs / uneven surfaces; minimal wheelchair access,Not well documented; local guides may be available,Some parking near base,Very limited around village; in Mahendragarh town better options,Part of a heritage circuit being developed
Karna Lake,Karnal (Haryana),Lake / Picnic Spot,Maintained by Haryana Tourism Corporation,https://en.wikipedia.org/wiki/Karna_Lake,Karnal Railway Station,approx. few km,Karnal Bus Stand (city centre),distance few km,No metro available,"Indira Gandhi International Airport, Delhi",approx. 120-130 km,Open during daylight,Not documented,October to March,Good road connectivity via Karnal city; easy access; likely wheelchair possible,Not documented,City-area parking available,"Restaurants, shops, hotels in Karnal city",Lake has folklore (Karna of Mahabharata); ideal for picnics and short stays
Kalesar National Park,Yamunanagar (Haryana),Wildlife Sanctuary / National Park,https://haryanaforest.gov.in/places-centres/kalesar-national-park/,https://en.wikipedia.org/wiki/Kalesar_National_Park,Yamunanagar-Jagadhri Railway Station,approx. 40 km,Jagadhri Bus Stand,approx. 40 km,No metro available,Chandigarh International Airport,approx. 90-km,Summer: 06:00 AM to 10:00 AM & 04:00 PM to 07:00 PM,Not documented,November-December & March-June,Road access from Yamunanagar; safari tracks of ~16 km motorable; terrain uneven in interior,Safari routes (jeep) are permitted; local forest department guides likely available,Parking available near park entry,Shivalik foothills surroundings; basic lodgings/tourist rest houses in Yamunanagar,Only natural Sal-forest belt in Haryana; closed during monsoon
Kunal Archaeological Site,Fatehabad (Haryana),Archaeological Site / Indus Valley,Fatehabad district tourism page,https://en.wikipedia.org/wiki/Kunal%2C_Haryana,Tohana Railway Station,approx. 35 km,Local Fatehabad-Tohana / Ratia / Bhuna buses,distance Not documented precisely,No metro available,"Indira Gandhi International Airport, Delhi",approx. 225 km,Open during daylight / excavation site access,Not documented,Oct-March,Rural roads; last-mile access may be via unpaved tracks; not fully wheelchair friendly,Local guides / archaeologists may be arranged via Fatehabad tourism,Limited / local village level parking,Basic accommodations / guest houses in Fatehabad / Ratia / Bhuna,Very old settlement; shows layers of pre-Harappan and Harappan culture
