Name,Region,Type,Official Website,Wikipedia,Nearest Railway Station,Nearest Bus Stand,Nearest Metro Station,Nearest Airport,Timings,Entry Fee,Best Time to Visit,Accessibility,Guided Tours,Parking,Nearby Amenities,Special Notes
Gateway of India,Mumbai,Historical Monument,https://mumbaitourism.gov.in,https://en.wikipedia.org/wiki/Gateway_of_India,Chhatrapati Shivaji Maharaj Terminus (5 km),Colaba Bus Station (1 km),No metro available,Chhatrapati Shivaji Maharaj International Airport (35 km),24 hours (best viewed during sunrise/sunset),Free,October to March,"Fully accessible by road, wheelchair-friendly","Available in English, Hindi, Marathi",Available at nearby paid parking areas (₹20-50 per hour),"Leopold Cafe, Taj Hotel restaurants, public restrooms, souvenir shops","Icon of Mumbai, built in 1924, boat rides to Elephanta Caves available from here"
Elephanta Caves,Mumbai,UNESCO World Heritage Site / Cave Temples,https://asi.nic.in,https://en.wikipedia.org/wiki/Elephanta_Caves,Chhatrapati Shivaji Maharaj Terminus (13 km + ferry),Gateway of India (1 km + ferry),No metro available,Chhatrapati Shivaji Maharaj International Airport (48 km),9:30 AM to 5:30 PM (Closed on Mondays),"Indians ₹40, Foreigners ₹600; Ferry ₹150 return",October to March,"Ferry ride required (1 hour), moderate climbing involved, not fully wheelchair accessible",ASI certified guides available; ₹500-1000 per group,Available at Gateway of India jetty (₹30-80),"Basic refreshments on island, restaurants at Gateway of India","6th-7th century Hindu caves, famous Trimurti sculpture, toy train available on island"
Marine Drive,Mumbai,Coastal Promenade,https://mumbaitourism.gov.in,https://en.wikipedia.org/wiki/Marine_Drive,Churchgate Station (1 km),Nariman Point (0.5 km),No metro available,Chhatrapati Shivaji Maharaj International Airport (28 km),24 hours (best at sunset 6-7 PM),Free,October to March,"Fully accessible, wide walkways, wheelchair-friendly","Not required, self-guided walking tours available","Limited street parking, paid parking areas nearby (₹20-40 per hour)","Cafe Mocha, street food vendors, public seating, restrooms","Known as 'Queen's Necklace' for its lights, 3.6 km arc-shaped boulevard"
Siddhivinayak Temple,Mumbai,Temple,https://siddhivinayak.org,https://en.wikipedia.org/wiki/Siddhivinayak_Temple,Dadar Station (2 km),Prabhadevi (0.5 km),No metro available,Chhatrapati Shivaji Maharaj International Airport (20 km),5:30 AM to 10:00 PM,Free; Special darshan ₹101,October to March,"Wheelchair accessible, ramp facility available","Not required, temple volunteers provide information",Available but limited (₹20-50),"Prasad counters, restrooms, book stalls, nearby restaurants","Famous Ganesh temple, attracts millions of devotees, Tuesday rush hours"
Mahabaleshwar,Satara District,Hill Station,https://mahabaleshwar.org.in,https://en.wikipedia.org/wiki/Mahabaleshwar,Wathar Station (60 km),Mahabaleshwar Bus Stand (town center),No metro available,Pune Airport (120 km),Most viewpoints: 6 AM to 6 PM,Vehicle entry ₹35; Individual points ₹5-25 each,October to June,"Good road connectivity, some viewpoints require short walks",Local guides available ₹500-1500 per day,Available at major points (₹10-30),"Mapro Garden, hotels, restaurants, strawberry farms, boat clubs","Queen of Sahyadris, strawberry cultivation, Krishna River origin point"
Lonavala,Pune District,Hill Station,https://maharashtratourism.gov.in,https://en.wikipedia.org/wiki/Lonavala,Lonavala Railway Station (2 km),Lonavala Bus Stand (1 km),No metro available,Pune Airport (64 km),Most attractions: 9 AM to 6 PM,Tiger's Leap ₹5; Karla Caves ₹25,June to October - Monsoon beauty; December to February,"Excellent road and rail connectivity, moderate trekking required for some spots",Available for ₹800-1200 per day,Available at all major spots (₹20-50),"Chikki shops, restaurants, resorts, local markets","Famous for chikki (sweet), monsoon waterfalls, weekend getaway from Mumbai-Pune"
Matheran,Raigad District,Hill Station / Eco-Tourism,https://matheran.org.in,https://en.wikipedia.org/wiki/Matheran,Neral Junction (21 km) + Toy train,Dasturi Naka (2 km from main market),No metro available,Chhatrapati Shivaji Maharaj International Airport (90 km),Entry 6 AM to 6:30 PM,Vehicle prohibited; Horse ride ₹300-800; Toy train ₹295,October to May,"Vehicle-free zone, horses/walking only, moderate fitness required",Local guides available ₹400-600 per day,Available at Dasturi car park (₹100-150),"Heritage hotels, restaurants, horse operators, viewpoint kiosks","Asia's only automobile-free hill station, red soil, panoramic valley views"
Panchgani,Satara District,Hill Station,https://panchgani.org.in,https://en.wikipedia.org/wiki/Panchgani,Satara Station (52 km),Panchgani Bus Stand (town center),No metro available,Pune Airport (100 km),Most points: 8 AM to 7 PM,"Entry to some points like Table Land, Parsi Point; ₹20-50",October to May,"Good road connectivity, some steps/climbing at Table Land",Local guides available ₹500-1000,Available at all major points (₹15-40),"Viewpoints, market, Parsi Point, Sydney Point, hotels, restaurants","Famous for Table Land (Asia's 2nd largest plateau), strawberry farms, scenic views"
Ajanta Caves,Aurangabad District,UNESCO World Heritage Site / Buddhist Caves,https://asi.nic.in,https://en.wikipedia.org/wiki/Ajanta_Caves,Jalgaon Station (60 km),Fardapur (4 km),No metro available,Aurangabad Airport (100 km),9 AM to 5 PM (Closed on Mondays),"Indians ₹40, Foreigners ₹600; Bus to caves ₹20",October to March,"Bus shuttle to caves, some climbing required, not wheelchair accessible",ASI approved guides available ₹500-800,Available at base (₹50-100),"Cafeteria, souvenir shops, restrooms at entrance","29 rock-cut Buddhist caves (2nd century BCE to 480 CE), famous for murals and frescoes"
Ellora Caves,Aurangabad District,UNESCO World Heritage Site / Cave Temples,https://asi.nic.in,https://en.wikipedia.org/wiki/Ellora_Caves,Aurangabad Railway Station (30 km),Ellora Bus Stop (1 km),No metro available,Aurangabad Airport (40 km),6 AM to 6 PM (Closed on Tuesdays),"Indians ₹40, Foreigners ₹600",October to March,"Paved pathways, partially wheelchair accessible (main temples)",ASI approved guides available ₹500-800,Available (₹30-50),"Basic refreshments, restrooms, souvenir shops","34 rock-cut caves (600-1000 CE), blend of Buddhist, Hindu, Jain art, Kailasa Temple"
Shaniwar Wada,Pune,Historical Fort / Palace,https://punecity.gov.in,https://en.wikipedia.org/wiki/Shaniwar_Wada,Pune Junction (4 km),Shivajinagar (2 km),Shivajinagar Metro Station (2 km),Pune Airport (10 km),9 AM to 5:30 PM (Closed on Sundays),"Indians ₹15, Foreigners ₹200; Light and Sound Show ₹50",October to March,"Partially wheelchair accessible, paved pathways",Available from local historians ₹300-500,Available at nearby paid parking lots (₹20-50),"Local eateries, historic Peth areas, souvenir shops","Seat of Peshwas of Maratha Empire, famed for its architectural grandeur, light and sound show"
Alibaug,Raigad District,Coastal Town / Beaches & Fort,https://raigad.gov.in,https://en.wikipedia.org/wiki/Alibaug,Pen (28 km),Alibaug Bus Stand (town center),No metro available,Chhatrapati Shivaji Maharaj International Airport (100 km),Most beaches 24 hours; Kolaba Fort 10 AM to 5 PM (tide dependent),Kolaba Fort ₹5; Ferry from Mumbai ₹300 return,November to February,"Good road connectivity, beach areas are accessible",Local guides available ₹500-800,Available at beaches (₹30-50),"Water sports, resorts, local eateries, Kolaba Fort","Popular weekend getaway from Mumbai, Kolaba Fort is a sea fortress"
Ganpatipule,Ratnagiri District,Coastal Town / Temple & Beach,https://ratnagiri.gov.in,https://en.wikipedia.org/wiki/Ganpatipule,Ratnagiri Station (25 km),Ganpatipule Bus Stand (town center),No metro available,Ratnagiri Airport (25 km),Temple 5 AM to 9 PM; Beach 24 hours,Free,October to February,"Good road access, accessible beach and temple premises",Local temple guides available ₹200-400,Ample parking available (₹20-50),"Temple facilities, local seafood restaurants, resorts, souvenir shops","Swayambhu (self-originated) Ganesha idol, pristine beach, Aam-panhas"
Tarkarli,Sindhudurg District,Coastal Village / Water Sports,https://sindhudurg.gov.in,https://en.wikipedia.org/wiki/Tarkarli,Kudal Railway Station (45 km),Malvan Bus Stand (6 km),No metro available,Goa Airport (110 km),Water sports 9 AM to 5 PM,Scuba Diving ₹800-2000; Water sports packages ₹500-1500,October to March,"Good road connectivity, accessible beaches",Scuba diving instructors and water sports operators available,Available at Tarkarli beach (₹30-50),"MTDC resorts, homestays, local seafood restaurants","Known for clear water, scuba diving, and snorkelling, backwaters"
Shirdi,Ahmednagar District,Temple / Pilgrimage,https://sai.org.in,https://en.wikipedia.org/wiki/Shirdi,Sainagar Shirdi Railway Station (3 km),Shirdi Bus Stand (1 km),No metro available,Shirdi Airport (15 km),4 AM to 11 PM (Darshan timings),Free; VIP darshan ₹200,October to March,"Fully wheelchair accessible, ramps and lifts available",Temple volunteers provide information,Available at multiple locations (₹20-50),"Dharamshalas, restaurants, prasadalaya, book stalls","Shrine of Sai Baba, major pilgrimage center, attracts millions of devotees"
Trimbakeshwar Shiva Temple,Nashik District,Jyotirlinga Temple,https://trimbakeshwar.org,https://en.wikipedia.org/wiki/Trimbakeshwar_Shiva_Temple,Nashik Road (40 km),Trimbakeshwar Bus Stand (1 km),No metro available,Nashik Airport (40 km),5:30 AM to 9 PM,Free; VIP darshan ₹200,October to March,"Partially wheelchair accessible, some steps involved",Local guides available ₹200-500,Available at multiple locations (₹20-50),"Brahma Giri Hill, restaurants, souvenir shops","One of the 12 Jyotirlingas, source of Godavari River, black stone temple"
Tadoba Andhari Tiger Reserve,Chandrapur District,National Park / Wildlife Sanctuary,https://mahaecotourism.gov.in,https://en.wikipedia.org/wiki/Tadoba_Andhari_Tiger_Reserve,Chandrapur Station (45 km),Chandrapur (45 km),No metro available,Nagpur Airport (150 km),Safari timings: 6 AM to 11 AM; 2 PM to 6 PM,Safari charges ₹2500-6000 per jeep (6 people),October to May (April-May for best tiger sightings),"Jeep safaris available, not wheelchair accessible",Mandatory forest guide with every safari jeep,Available at safari gates (₹50-100),"Resorts, eco-lodges, basic refreshments at gate","Maharashtra's largest and oldest national park, highest tiger density in India"
Sanjay Gandhi National Park,Mumbai,National Park / Urban Forest,https://sgnp.maharashtra.gov.in,https://en.wikipedia.org/wiki/Sanjay_Gandhi_National_Park,Borivali Station (1 km),Borivali (East) Bus Depot (1 km),Borivali Metro Station (1 km),Chhatrapati Shivaji Maharaj International Airport (18 km),7:30 AM to 6:30 PM (Closed on Mondays),"Indians ₹58, Foreigners ₹100",October to March,"Accessible pathways, some attractions require walking",Tiger & Lion safari available (₹60 per person),Available (₹50-100),"Cafeteria, Kanheri Caves, toy train, boating facilities","Unique urban national park, home to Kanheri Caves and diverse wildlife"
Bhandardara,Ahmednagar District,Hill Station / Nature Reserve,https://bhandardara.info,https://en.wikipedia.org/wiki/Bhandardara,Igatpuri Railway Station (45 km),Bhandardara Bus Stand (town center),No metro available,Nashik Airport (90 km),Most attractions: 6 AM to 6 PM,Free; some spots like Arthur Lake have boating charges,June to September - Monsoon waterfalls; October to February,"Good road connectivity, some treks required for viewpoints",Local guides for trekking available ₹500-1000,Available at major spots (₹20-50),"Arthur Lake, Wilson Dam, Randha Falls, Mount Kalsubai","Highest peak in Maharashtra (Kalsubai), camping, waterfalls, firefly viewing in monsoon"
Chikhaldara,Amravati District,Hill Station / Nature Reserve,https://chikhaldara.org,https://en.wikipedia.org/wiki/Chikhaldara,Badnera Junction (110 km),Chikhaldara Bus Stand (town center),No metro available,Nagpur Airport (240 km),Most attractions: 6 AM to 6 PM,Free; some viewpoints charge ₹10-20,October to March,"Good road connectivity, some viewpoints require short walks",Local guides available for forest tours ₹400-800,Available at all major spots (₹20-50),"Gavilgad Fort, Tiger Point, Bhimkund, Melghat Tiger Reserve","Only coffee-growing area in Maharashtra, mythological significance (Mahabharata)"
Kaas Plateau,Satara District,UNESCO World Heritage Site / Plateau of Flowers,https://maharashtratourism.gov.in,https://en.wikipedia.org/wiki/Kaas_Plateau,Satara Railway Station (25 km),Satara Bus Stand (22 km),No metro available,Pune Airport (140 km),8 AM to 6 PM,Online booking ₹100 per person,August to October (for flowering season),"Road access, well-marked pathways, partially wheelchair accessible",Volunteers available at the entrance,Available at designated parking area (₹50-100),"Kaas Lake, basic refreshments, local food stalls","Valley of Flowers of Maharashtra, over 850 species of flowering plants, UNESCO site since 2012"
Raigad Fort,Raigad District,Historical Fort / Capital of Maratha Empire,https://raigad.gov.in,https://en.wikipedia.org/wiki/Raigad_Fort,Mangaon Railway Station (28 km),Mahad (25 km),No metro available,Chhatrapati Shivaji Maharaj International Airport (140 km),9 AM to 6 PM (Ropeway timings),Fort ₹10; Ropeway ₹300 return,October to March,"Ropeway available, otherwise 1.5-2 hour trek with 1737 steps",Local guides available ₹400-800,Available at base (₹30-50),"Ropeway station facilities, restrooms, local eateries","Capital of Chhatrapati Shivaji's kingdom, significant monument of Maratha history"
Pratapgad Fort,Satara District,Historical Fort / Hill Fort,https://pratapgad.in,https://en.wikipedia.org/wiki/Pratapgad,Satara Railway Station (70 km),Mahabaleshwar (24 km),No metro available,Pune Airport (140 km),6 AM to 6 PM,Free,October to June,"200-300 steps to climb, not wheelchair accessible",Local guides available ₹300-500,Available at the base (₹20-50),"Bhavani Temple, Afzal Khan's tomb, basic eateries at base","Built by Shivaji, famous for the Battle of Pratapgad, significant historical monument"
Nashik,Nashik District,Religious Site / Wine Region,https://nashik.gov.in,https://en.wikipedia.org/wiki/Nashik,Nashik Road (10 km),Nashik CBS (town center),No metro available,Nashik Airport (20 km),Most temples: 6 AM to 9 PM; Wineries 10 AM to 6 PM,Sula Vineyards ₹200; Temples free,October to March,"Good road connectivity, most places are accessible",Winery tours available ₹200-500,Available at multiple spots (₹20-50),"Temples, vineyards, Godavari River Ghats, restaurants","Holy city on Godavari River, one of the four Kumbh Mela sites, wine capital of India"
Kolhapur,Kolhapur District,Religious Site / Historical City,https://kolhapur.gov.in,https://en.wikipedia.org/wiki/Kolhapur,Kolhapur Railway Station (3 km),Kolhapur Central Bus Stand (1 km),No metro available,Kolhapur Airport (10 km),Mahalaxmi Temple 5 AM to 10:30 PM,Free,October to March,"Good road connectivity, temple is accessible",Local guides for temples and palace available ₹300-600,Available at temple and palace (₹20-50),"Mahalaxmi Temple, New Palace, Rankala Lake, local cuisine","Known for Mahalaxmi Temple, chappals (footwear), and local spicy cuisine (Kolhapuri)"
Dudhsagar Falls,Goa-Karnataka Border,Waterfall / Trekking Destination,Not documented,https://en.wikipedia.org/wiki/Dudhsagar_Falls,Kulem Railway Station (12 km trek/jeep),Collem (10 km),No metro available,Goa Airport (70 km),9 AM to 6 PM,Forest entry ₹50; Jeep safari ₹500-800 per person,November to May (jeep safari available); Monsoon for full flow (trek only),"Jeep safari or trek required, not wheelchair accessible",Jeep safaris from Kulem with driver-guide,Available at Kulem (₹50-100),Basic refreshments at Kulem and base of falls,"One of India's tallest waterfalls, located on Mandovi River, 'Sea of Milk'"
Bibi Ka Maqbara,Aurangabad District,Historical Monument / Mausoleum,https://asi.nic.in,https://en.wikipedia.org/wiki/Bibi_Ka_Maqbara,Aurangabad Railway Station (5 km),Aurangabad Central Bus Stand (4 km),No metro available,Aurangabad Airport (8 km),6 AM to 10 PM,"Indians ₹25, Foreigners ₹300; Camera ₹25",October to March - Pleasant weather for outdoor exploration,"Well-maintained pathways, wheelchair accessible main areas",ASI guides available ₹300-600,Available (₹20-50),"Cafeteria, restrooms, souvenir shops","Mini Taj Mahal, built by Aurangzeb's son, Mughal architecture, wife of Aurangzeb's tomb"
Aga Khan Palace,Pune,Historical Monument / Freedom Struggle Memorial,https://agakhanpalace.com,https://en.wikipedia.org/wiki/Aga_Khan_Palace,Pune Junction (9 km),Yerwada (2 km),Yerwada Metro Station (1.5 km),Pune Airport (8 km),9 AM to 5:30 PM,"Indians ₹25, Foreigners ₹300",October to March - Comfortable weather for historical exploration,"Wheelchair accessible, ramps available",Available in multiple languages ₹200-400,Available (₹10-30),"Gandhi museum, gardens, restrooms, book store","Gandhi's prison, Kasturba Gandhi's samadhi, freedom struggle memorial, Italian architecture"
Daulatabad Fort,Aurangabad District,Historical Fort / Medieval Monument,https://asi.nic.in,https://en.wikipedia.org/wiki/Daulatabad_Fort,Aurangabad Railway Station (16 km),Daulatabad (1 km),No metro available,Aurangabad Airport (20 km),6 AM to 6 PM,"Indians ₹25, Foreigners ₹300",October to March - Suitable for fort climbing,"Steep climb required, not wheelchair accessible, moderate to difficult trek",Local guides available ₹400-700,Available at base (₹20-40),"Basic refreshments, restrooms at entrance","Devagiri Fort, Tughlaq capital, complex defense systems, panoramic views"
Panchakki,Aurangabad District,Historical Monument / Water Mill,https://asi.nic.in,https://en.wikipedia.org/wiki/Panchakki,Aurangabad Railway Station (4 km),Aurangabad Central (3 km),No metro available,Aurangabad Airport (7 km),6 AM to 9 PM,"Indians ₹15, Foreigners ₹200",October to March - Pleasant weather,"Mostly accessible, some steps around mill area",Available ₹200-400,Available (₹15-30),"Tomb complex, gardens, restrooms","17th-century water mill, Aulia's dargah, unique engineering, still functional"
Sindhudurg Fort,Sindhudurg District,Sea Fort / Historical Monument,https://sindhudurg.gov.in,https://en.wikipedia.org/wiki/Sindhudurg_Fort,Kudal Railway Station (42 km),Malvan (1 km + boat),No metro available,Goa Airport (110 km),8 AM to 6 PM (boat service dependent),Fort ₹25; Boat charges ₹100-200 return,October to May - Calm sea conditions,"Boat ride required, some climbing on fort",Boat operators provide basic information,Available at Malvan jetty (₹30-50),"Malvan town facilities, seafood restaurants","Built by Shivaji in Arabian Sea, maritime heritage, architectural marvel"
Aurangabad Caves,Aurangabad District,Buddhist Cave Complex,https://asi.nic.in,https://en.wikipedia.org/wiki/Aurangabad_Caves,Aurangabad Railway Station (10 km),University area (2 km),No metro available,Aurangabad Airport (12 km),9 AM to 5:30 PM (Closed on Mondays),"Indians ₹25, Foreigners ₹300",October to March - Comfortable cave exploration weather,"Some climbing required, partially wheelchair accessible",ASI guides available ₹300-500,Available (₹20-30),"Basic facilities, university campus nearby","12 Buddhist caves (6th-7th century), less crowded alternative to Ajanta-Ellora"
Deekshabhoomi,Nagpur,Buddhist Monument / Religious Site,https://deekshabhoomi.com,https://en.wikipedia.org/wiki/Deekshabhoomi,Nagpur Railway Station (8 km),Nagpur Central (7 km),No metro available,Nagpur Airport (12 km),6 AM to 10 PM,Free,October to March - Comfortable weather; October 14 for special celebrations,"Fully wheelchair accessible, ramp facilities",Volunteers provide information about Buddhist history,Ample parking available (₹10-20),"Buddhist center, library, meditation halls, cafeteria","Dr. B.R. Ambedkar's conversion site, largest hollow stupa globally, Buddhist pilgrimage center"
Chhatrapati Shivaji Terminus,Mumbai,UNESCO World Heritage Site / Railway Station,https://cr.indianrailways.gov.in,https://en.wikipedia.org/wiki/Chhatrapati_Shivaji_Terminus,CST Station itself,CST Bus Terminus (adjacent),No metro available,Chhatrapati Shivaji Maharaj International Airport (30 km),24 hours (functioning railway station),Free for station access; Platform ticket ₹10,October to March - Pleasant weather for exterior appreciation,Fully accessible as active railway station,Heritage walks available ₹300-500,Limited parking available (₹50-100),"Station facilities, restaurants, shopping areas","Victorian Gothic architecture, UNESCO site since 2004, active railway terminus"
Lal Mahal,Pune,Historical Palace / Memorial,Not documented,https://en.wikipedia.org/wiki/Lal_Mahal,Pune Junction (4 km),Shaniwar Peth (1 km),Pune Station Metro (3 km),Pune Airport (10 km),"8 AM to 12 PM, 4 PM to 8 PM",Free,October to March - Pleasant sightseeing weather,"Ground level access, wheelchair friendly",Local historians available ₹200-400,Street parking available,"Kasba Peth area, local restaurants, historic neighborhood","Shivaji's childhood residence, Maratha heritage, reconstructed palace, museum artifacts"
Karla Caves,Pune District,Buddhist Cave Complex,https://asi.nic.in,https://en.wikipedia.org/wiki/Karla_Caves,Lonavala Railway Station (11 km),Karla Village (2 km),No metro available,Pune Airport (58 km),9 AM to 5 PM,"Indians ₹25, Foreigners ₹300",October to March - Pleasant weather for cave exploration,"Steps and moderate climb required, not wheelchair accessible",Local guides available ₹200-400,Available at base (₹20-40),"Local tea stalls, basic refreshments, Ekvira Devi temple","Largest chaitya hall in India (2nd century BCE), intricate carvings, ancient Buddhist site"
Bhaja Caves,Pune District,Buddhist Cave Complex,https://asi.nic.in,https://en.wikipedia.org/wiki/Bhaja_Caves,Malavli Railway Station (4 km),Bhaja Village (1 km),No metro available,Pune Airport (60 km),9 AM to 5 PM,"Indians ₹25, Foreigners ₹300",October to March - Comfortable cave visiting weather,"Steep climb required, moderate difficulty, not wheelchair accessible",ASI guides available ₹300-500,Limited parking at village level (₹20-30),"Village tea stalls, basic facilities","22 rock-cut caves (2nd century BCE), oldest Buddhist caves in Maharashtra, stupas"
Khandala,Pune District,Hill Station,https://maharashtratourism.gov.in,https://en.wikipedia.org/wiki/Khandala,Khandala Railway Station (2 km),Khandala Bus Stand (1 km),No metro available,Pune Airport (67 km),Most viewpoints: 6 AM to 7 PM,Most viewpoints free; Some private spots charge ₹10-20,June to September - Monsoon beauty; October to February - Pleasant weather,"Good road connectivity, some viewpoints require short walks",Local guides available ₹400-800,Available at major spots (₹20-50),"Duke's Nose viewpoint, resorts, restaurants, local markets","Twin hill station with Lonavala, Duke's Nose, reversing station, shooting location"
Amboli,Sindhudurg District,Hill Station / Eco-Tourism,https://sindhudurg.gov.in,https://en.wikipedia.org/wiki/Amboli,Sawantwadi Road (32 km),Amboli Bus Stand (town center),No metro available,Goa Airport (78 km),Waterfalls best: 10 AM to 5 PM,Most spots free; Some private viewpoints ₹10-30,June to September - Peak waterfall season; October to February - Clear weather,"Good road access, some waterfalls require short treks",Local nature guides ₹500-800,Available at major spots (₹30-50),"MTDC resort, forest guest house, local eateries","Last hill station of Maharashtra, 7 waterfalls, misty weather, Western Ghats biodiversity"
Rajgad Fort,Pune District,Historical Fort / Trekking Destination,Not documented,https://en.wikipedia.org/wiki/Rajgad,Pune Junction (57 km),Gunjavane Village (6 km trek),No metro available,Pune Airport (65 km),Trek possible 24 hours; Best: 6 AM to 6 PM,No entry fee; Parking ₹50-100,October to February - Good trekking weather; avoid monsoons,2-3 hour moderate to difficult trek required,Trekking groups available ₹800-1500,Available at base village (₹50-100),"Base village refreshments, camping possible","Shivaji's capital for 26 years, king of forts, challenging trek, panoramic views"
Torna Fort,Pune District,Historical Fort / Trekking Destination,Not documented,https://en.wikipedia.org/wiki/Torna_Fort,Pune Junction (50 km),Velhe (8 km trek),No metro available,Pune Airport (58 km),Trek advisable: 6 AM to 6 PM,No entry fee; Village parking ₹30-50,October to March - Ideal trekking conditions,2-3 hour moderate trek through rocky terrain,Local trekkers provide guidance ₹600-1000,Limited at base village (₹30-50),"Village tea stalls, basic camping facilities","First fort captured by Shivaji (1643), historic significance, steep climb required"
Lavasa,Pune District,Planned Hill City / Resort Destination,https://lavasa.com,https://en.wikipedia.org/wiki/Lavasa,Pune Junction (57 km),Lavasa Bus Stand (city center),No metro available,Pune Airport (65 km),City access 24 hours; Activities: 9 AM to 6 PM,City entry free; Individual activity charges vary,October to March - Pleasant weather; June to September - Monsoon charm,"Excellent road connectivity, wheelchair accessible facilities",City tours available ₹800-1500,Ample parking available (₹50-100),"Hotels, restaurants, adventure sports, shopping promenade","India's first planned hill city, Italian architecture, water sports, controversy over construction"
Pawna Lake,Pune District,Lake / Camping Destination,Not documented,https://en.wikipedia.org/wiki/Pawna_Lake,Lonavala Railway Station (19 km),Pawna Village (2 km),No metro available,Pune Airport (58 km),24 hours access; Best camping: Evening to morning,Lake access free; Camping ₹800-2000 per person,October to March - Perfect camping weather; avoid monsoons,"Good approach road, lakeside camping areas accessible",Camping operators provide guidance and equipment,Available near camping sites (₹50-100),"Camping operators, barbecue facilities, water sports equipment","Artificial reservoir, weekend camping destination, water sports, scenic sunsets"
Rajmachi Fort,Pune District,Twin Forts / Trekking Destination,Not documented,https://en.wikipedia.org/wiki/Rajmachi_Fort,Lonavala Railway Station (15 km trek),Udhewadi Village (3 km trek),No metro available,Pune Airport (70 km),Best trek timing: 6 AM to 6 PM,No entry fee; Village parking ₹30-50,October to February - Good trekking; June to September - Green monsoon trek,2-3 hour moderate trek through forest,Local guides available ₹400-800,Available at base villages (₹30-50),"Village homestays, basic refreshments, camping possible","Twin forts Shrivardhan and Manaranjan, monsoon trek popular, firefly viewing season"
Murud-Janjira Fort,Raigad District,Sea Fort / Island Fortress,Not documented,https://en.wikipedia.org/wiki/Murud-Janjira,Roha Railway Station (90 km),Murud Bus Stand (2 km + boat),No metro available,Chhatrapati Shivaji Maharaj International Airport (165 km),8 AM to 6 PM (boat service dependent on tide),Fort ₹30; Boat charges ₹150-300 return,"October to March - Calm sea, good boat access","Boat ride required, some climbing on fort ruins",Boat operators provide historical information ₹200-400,Available at Murud jetty (₹30-50),"Murud beach, local seafood restaurants, guest houses","Unconquered island fort, Siddi naval base, unique architecture, Arabian Sea fortress"
